-- phpMyAdmin SQL Dump
-- version 5.2.1
-- https://www.phpmyadmin.net/
--
-- Host: 127.0.0.1
-- Creato il: Apr 17, 2024 alle 19:48
-- Versione del server: 10.4.32-MariaDB
-- Versione PHP: 8.0.30

SET SQL_MODE = "NO_AUTO_VALUE_ON_ZERO";
START TRANSACTION;
SET time_zone = "+00:00";


/*!40101 SET @OLD_CHARACTER_SET_CLIENT=@@CHARACTER_SET_CLIENT */;
/*!40101 SET @OLD_CHARACTER_SET_RESULTS=@@CHARACTER_SET_RESULTS */;
/*!40101 SET @OLD_COLLATION_CONNECTION=@@COLLATION_CONNECTION */;
/*!40101 SET NAMES utf8mb4 */;

--
-- Database: `mapocalipse`
--
CREATE DATABASE IF NOT EXISTS `mapocalipse` DEFAULT CHARACTER SET utf8mb4 COLLATE utf8mb4_general_ci;
USE `mapocalipse`;

-- --------------------------------------------------------

--
-- Struttura della tabella `auth_group`
--

DROP TABLE IF EXISTS `auth_group`;
CREATE TABLE IF NOT EXISTS `auth_group` (
  `id` int(11) NOT NULL AUTO_INCREMENT,
  `name` varchar(150) NOT NULL,
  PRIMARY KEY (`id`),
  UNIQUE KEY `name` (`name`)
) ENGINE=InnoDB DEFAULT CHARSET=utf8mb4 COLLATE=utf8mb4_general_ci;

-- --------------------------------------------------------

--
-- Struttura della tabella `auth_group_permissions`
--

DROP TABLE IF EXISTS `auth_group_permissions`;
CREATE TABLE IF NOT EXISTS `auth_group_permissions` (
  `id` bigint(20) NOT NULL AUTO_INCREMENT,
  `group_id` int(11) NOT NULL,
  `permission_id` int(11) NOT NULL,
  PRIMARY KEY (`id`),
  UNIQUE KEY `auth_group_permissions_group_id_permission_id_0cd325b0_uniq` (`group_id`,`permission_id`),
  KEY `auth_group_permissio_permission_id_84c5c92e_fk_auth_perm` (`permission_id`)
) ENGINE=InnoDB DEFAULT CHARSET=utf8mb4 COLLATE=utf8mb4_general_ci;

-- --------------------------------------------------------

--
-- Struttura della tabella `auth_permission`
--

DROP TABLE IF EXISTS `auth_permission`;
CREATE TABLE IF NOT EXISTS `auth_permission` (
  `id` int(11) NOT NULL AUTO_INCREMENT,
  `name` varchar(255) NOT NULL,
  `content_type_id` int(11) NOT NULL,
  `codename` varchar(100) NOT NULL,
  PRIMARY KEY (`id`),
  UNIQUE KEY `auth_permission_content_type_id_codename_01ab375a_uniq` (`content_type_id`,`codename`)
) ENGINE=InnoDB AUTO_INCREMENT=17 DEFAULT CHARSET=utf8mb4 COLLATE=utf8mb4_general_ci;

--
-- Dump dei dati per la tabella `auth_permission`
--

INSERT INTO `auth_permission` (`id`, `name`, `content_type_id`, `codename`) VALUES
(1, 'Can add permission', 1, 'add_permission'),
(2, 'Can change permission', 1, 'change_permission'),
(3, 'Can delete permission', 1, 'delete_permission'),
(4, 'Can view permission', 1, 'view_permission'),
(5, 'Can add group', 2, 'add_group'),
(6, 'Can change group', 2, 'change_group'),
(7, 'Can delete group', 2, 'delete_group'),
(8, 'Can view group', 2, 'view_group'),
(9, 'Can add content type', 3, 'add_contenttype'),
(10, 'Can change content type', 3, 'change_contenttype'),
(11, 'Can delete content type', 3, 'delete_contenttype'),
(12, 'Can view content type', 3, 'view_contenttype'),
(13, 'Can add user', 4, 'add_user'),
(14, 'Can change user', 4, 'change_user'),
(15, 'Can delete user', 4, 'delete_user'),
(16, 'Can view user', 4, 'view_user');

-- --------------------------------------------------------

--
-- Struttura della tabella `django_content_type`
--

DROP TABLE IF EXISTS `django_content_type`;
CREATE TABLE IF NOT EXISTS `django_content_type` (
  `id` int(11) NOT NULL AUTO_INCREMENT,
  `app_label` varchar(100) NOT NULL,
  `model` varchar(100) NOT NULL,
  PRIMARY KEY (`id`),
  UNIQUE KEY `django_content_type_app_label_model_76bd3d3b_uniq` (`app_label`,`model`)
) ENGINE=InnoDB AUTO_INCREMENT=5 DEFAULT CHARSET=utf8mb4 COLLATE=utf8mb4_general_ci;

--
-- Dump dei dati per la tabella `django_content_type`
--

INSERT INTO `django_content_type` (`id`, `app_label`, `model`) VALUES
(2, 'auth', 'group'),
(1, 'auth', 'permission'),
(4, 'authentication', 'user'),
(3, 'contenttypes', 'contenttype');

-- --------------------------------------------------------

--
-- Struttura della tabella `django_migrations`
--

DROP TABLE IF EXISTS `django_migrations`;
CREATE TABLE IF NOT EXISTS `django_migrations` (
  `id` bigint(20) NOT NULL AUTO_INCREMENT,
  `app` varchar(255) NOT NULL,
  `name` varchar(255) NOT NULL,
  `applied` datetime(6) NOT NULL,
  PRIMARY KEY (`id`)
) ENGINE=InnoDB AUTO_INCREMENT=16 DEFAULT CHARSET=utf8mb4 COLLATE=utf8mb4_general_ci;

--
-- Dump dei dati per la tabella `django_migrations`
--

INSERT INTO `django_migrations` (`id`, `app`, `name`, `applied`) VALUES
(1, 'contenttypes', '0001_initial', '2024-04-17 17:43:15.375040'),
(2, 'contenttypes', '0002_remove_content_type_name', '2024-04-17 17:43:15.421079'),
(3, 'auth', '0001_initial', '2024-04-17 17:43:15.630762'),
(4, 'auth', '0002_alter_permission_name_max_length', '2024-04-17 17:43:15.680305'),
(5, 'auth', '0003_alter_user_email_max_length', '2024-04-17 17:43:15.684809'),
(6, 'auth', '0004_alter_user_username_opts', '2024-04-17 17:43:15.688812'),
(7, 'auth', '0005_alter_user_last_login_null', '2024-04-17 17:43:15.692816'),
(8, 'auth', '0006_require_contenttypes_0002', '2024-04-17 17:43:15.695318'),
(9, 'auth', '0007_alter_validators_add_error_messages', '2024-04-17 17:43:15.699321'),
(10, 'auth', '0008_alter_user_username_max_length', '2024-04-17 17:43:15.703325'),
(11, 'auth', '0009_alter_user_last_name_max_length', '2024-04-17 17:43:15.707328'),
(12, 'auth', '0010_alter_group_name_max_length', '2024-04-17 17:43:15.716836'),
(13, 'auth', '0011_update_proxy_permissions', '2024-04-17 17:43:15.721340'),
(14, 'auth', '0012_alter_user_first_name_max_length', '2024-04-17 17:43:15.726344'),
(15, 'authentication', '0001_initial', '2024-04-17 17:43:15.998078');

-- --------------------------------------------------------

--
-- Struttura della tabella `users`
--

DROP TABLE IF EXISTS `users`;
CREATE TABLE IF NOT EXISTS `users` (
  `id` bigint(20) NOT NULL AUTO_INCREMENT,
  `last_login` datetime(6) DEFAULT NULL,
  `username` varchar(100) NOT NULL,
  `password` varchar(32) NOT NULL,
  `email` varchar(100) NOT NULL,
  `first_name` varchar(100) NOT NULL,
  `last_name` varchar(100) NOT NULL,
  `is_superuser` tinyint(1) NOT NULL,
  PRIMARY KEY (`id`),
  UNIQUE KEY `username` (`username`),
  UNIQUE KEY `email` (`email`)
) ENGINE=InnoDB AUTO_INCREMENT=3 DEFAULT CHARSET=utf8mb4 COLLATE=utf8mb4_general_ci;

--
-- Dump dei dati per la tabella `users`
--

INSERT INTO `users` (`id`, `last_login`, `username`, `password`, `email`, `first_name`, `last_name`, `is_superuser`) VALUES
(2, NULL, 'gianpierpaolo', '5f4dcc3b5aa765d61d8327deb882cf99', 'email@email.email', 'Robert', 'Gruia', 0);

-- --------------------------------------------------------

--
-- Struttura della tabella `users_groups`
--

DROP TABLE IF EXISTS `users_groups`;
CREATE TABLE IF NOT EXISTS `users_groups` (
  `id` bigint(20) NOT NULL AUTO_INCREMENT,
  `user_id` bigint(20) NOT NULL,
  `group_id` int(11) NOT NULL,
  PRIMARY KEY (`id`),
  UNIQUE KEY `users_groups_user_id_group_id_fc7788e8_uniq` (`user_id`,`group_id`),
  KEY `users_groups_group_id_2f3517aa_fk_auth_group_id` (`group_id`)
) ENGINE=InnoDB DEFAULT CHARSET=utf8mb4 COLLATE=utf8mb4_general_ci;

-- --------------------------------------------------------

--
-- Struttura della tabella `users_user_permissions`
--

DROP TABLE IF EXISTS `users_user_permissions`;
CREATE TABLE IF NOT EXISTS `users_user_permissions` (
  `id` bigint(20) NOT NULL AUTO_INCREMENT,
  `user_id` bigint(20) NOT NULL,
  `permission_id` int(11) NOT NULL,
  PRIMARY KEY (`id`),
  UNIQUE KEY `users_user_permissions_user_id_permission_id_3b86cbdf_uniq` (`user_id`,`permission_id`),
  KEY `users_user_permissio_permission_id_6d08dcd2_fk_auth_perm` (`permission_id`)
) ENGINE=InnoDB DEFAULT CHARSET=utf8mb4 COLLATE=utf8mb4_general_ci;

--
-- Limiti per le tabelle scaricate
--

--
-- Limiti per la tabella `auth_group_permissions`
--
ALTER TABLE `auth_group_permissions`
  ADD CONSTRAINT `auth_group_permissio_permission_id_84c5c92e_fk_auth_perm` FOREIGN KEY (`permission_id`) REFERENCES `auth_permission` (`id`),
  ADD CONSTRAINT `auth_group_permissions_group_id_b120cbf9_fk_auth_group_id` FOREIGN KEY (`group_id`) REFERENCES `auth_group` (`id`);

--
-- Limiti per la tabella `auth_permission`
--
ALTER TABLE `auth_permission`
  ADD CONSTRAINT `auth_permission_content_type_id_2f476e4b_fk_django_co` FOREIGN KEY (`content_type_id`) REFERENCES `django_content_type` (`id`);

--
-- Limiti per la tabella `users_groups`
--
ALTER TABLE `users_groups`
  ADD CONSTRAINT `users_groups_group_id_2f3517aa_fk_auth_group_id` FOREIGN KEY (`group_id`) REFERENCES `auth_group` (`id`),
  ADD CONSTRAINT `users_groups_user_id_f500bee5_fk_users_id` FOREIGN KEY (`user_id`) REFERENCES `users` (`id`);

--
-- Limiti per la tabella `users_user_permissions`
--
ALTER TABLE `users_user_permissions`
  ADD CONSTRAINT `users_user_permissio_permission_id_6d08dcd2_fk_auth_perm` FOREIGN KEY (`permission_id`) REFERENCES `auth_permission` (`id`),
  ADD CONSTRAINT `users_user_permissions_user_id_92473840_fk_users_id` FOREIGN KEY (`user_id`) REFERENCES `users` (`id`);
COMMIT;

/*!40101 SET CHARACTER_SET_CLIENT=@OLD_CHARACTER_SET_CLIENT */;
/*!40101 SET CHARACTER_SET_RESULTS=@OLD_CHARACTER_SET_RESULTS */;
/*!40101 SET COLLATION_CONNECTION=@OLD_COLLATION_CONNECTION */;
